dataset_no,dataset_name,algo,run,accuracy,any_out_disc,active_edges,useless_edges,pct_useless_conn
1,Statlog Australian,MOEACKF,0,0.860507,False,7,3,42.8571
1,Statlog Australian,MOEACKF,1,0.858696,False,5,1,20.0000
1,Statlog Australian,MOEACKF,2,0.860507,False,5,1,20.0000
1,Statlog Australian,MOEACKF,3,0.864130,False,7,3,42.8571
1,Statlog Australian,MOEACKF,4,0.858696,False,5,0,0.0000
1,Statlog Australian,MOEACKF,5,0.860507,False,6,2,33.3333
1,Statlog Australian,MOEACKF,6,0.856884,False,4,0,0.0000
1,Statlog Australian,MOEACKF,7,0.858696,False,5,1,20.0000
1,Statlog Australian,MOEACKF,8,0.860507,False,7,2,28.5714
1,Statlog Australian,MOEACKF,9,0.858696,False,4,0,0.0000
1,Statlog Australian,MOEACKF,10,0.858696,False,10,3,30.0000
1,Statlog Australian,MOEACKF,11,0.858696,False,4,0,0.0000
1,Statlog Australian,MOEACKF,12,0.860507,False,13,8,61.5385
1,Statlog Australian,MOEACKF,13,0.860507,False,13,9,69.2308
1,Statlog Australian,MOEACKF,14,0.858696,False,5,1,20.0000
1,Statlog Australian,MOEACKF,15,0.858696,False,7,3,42.8571
1,Statlog Australian,MOEACKF,16,0.860507,False,5,1,20.0000
1,Statlog Australian,MOEACKF,17,0.860507,False,6,2,33.3333
1,Statlog Australian,MOEACKF,18,0.862319,False,8,4,50.0000
1,Statlog Australian,MOEACKF,19,0.862319,False,8,4,50.0000
1,Statlog Australian,MOEACKF,20,0.860507,False,14,10,71.4286
1,Statlog Australian,MOEACKF,21,0.860507,False,11,7,63.6364
1,Statlog Australian,MOEACKF,22,0.860507,False,11,7,63.6364
1,Statlog Australian,MOEACKF,23,0.860507,False,9,5,55.5556
1,Statlog Australian,MOEACKF,24,0.864130,False,10,6,60.0000
1,Statlog Australian,MOEACKF,25,0.858696,False,6,1,16.6667
1,Statlog Australian,MOEACKF,26,0.858696,False,4,0,0.0000
1,Statlog Australian,MOEACKF,27,0.862319,False,11,7,63.6364
1,Statlog Australian,MOEACKF,28,0.858696,False,4,0,0.0000
1,Statlog Australian,MOEACKF,29,0.858696,False,6,2,33.3333
1,Statlog Australian,MOEACKF,30,0.860507,False,5,1,20.0000
1,Statlog Australian,SNSGAII,0,0.876812,False,8,0,0.0000
1,Statlog Australian,SNSGAII,1,0.853261,False,46,39,84.7826
1,Statlog Australian,SNSGAII,2,0.876812,False,24,14,58.3333
1,Statlog Australian,SNSGAII,3,0.862319,False,10,0,0.0000
1,Statlog Australian,SNSGAII,4,0.871377,False,17,8,47.0588
1,Statlog Australian,SNSGAII,5,0.858696,False,11,2,18.1818
1,Statlog Australian,SNSGAII,6,0.876812,False,34,24,70.5882
1,Statlog Australian,SNSGAII,7,0.873188,False,15,5,33.3333
1,Statlog Australian,SNSGAII,8,0.867754,False,16,4,25.0000
1,Statlog Australian,SNSGAII,9,0.865942,False,10,0,0.0000
1,Statlog Australian,SNSGAII,10,0.871377,False,6,0,0.0000
1,Statlog Australian,SNSGAII,11,0.858696,False,6,0,0.0000
1,Statlog Australian,SNSGAII,12,0.864130,False,9,0,0.0000
1,Statlog Australian,SNSGAII,13,0.864130,False,31,21,67.7419
1,Statlog Australian,SNSGAII,14,0.882246,False,39,19,48.7179
1,Statlog Australian,SNSGAII,15,0.864130,False,9,0,0.0000
1,Statlog Australian,SNSGAII,16,0.865942,False,15,0,0.0000
1,Statlog Australian,SNSGAII,17,0.882246,False,60,50,83.3333
1,Statlog Australian,SNSGAII,18,0.876812,False,23,5,21.7391
1,Statlog Australian,SNSGAII,19,0.860507,False,15,6,40.0000
1,Statlog Australian,SNSGAII,20,0.855072,False,5,0,0.0000
1,Statlog Australian,SNSGAII,21,0.878623,False,8,0,0.0000
1,Statlog Australian,SNSGAII,22,0.885870,False,8,0,0.0000
1,Statlog Australian,SNSGAII,23,0.887681,False,48,33,68.7500
1,Statlog Australian,SNSGAII,24,0.860507,False,9,0,0.0000
1,Statlog Australian,SNSGAII,25,0.858696,False,27,14,51.8519
1,Statlog Australian,SNSGAII,26,0.876812,False,42,28,66.6667
1,Statlog Australian,SNSGAII,27,0.855072,False,5,0,0.0000
1,Statlog Australian,SNSGAII,28,0.851449,False,15,6,40.0000
1,Statlog Australian,SNSGAII,29,0.871377,False,22,13,59.0909
1,Statlog Australian,SNSGAII,30,0.875000,False,14,5,35.7143
2,Climate,MOEACKF,0,0.918981,True,10,3,30.0000
2,Climate,MOEACKF,1,0.930556,True,18,11,61.1111
2,Climate,MOEACKF,2,0.918981,True,8,2,25.0000
2,Climate,MOEACKF,3,0.921296,True,6,2,33.3333
2,Climate,MOEACKF,4,0.918981,False,347,117,33.7176
2,Climate,MOEACKF,5,0.918981,True,27,12,44.4444
2,Climate,MOEACKF,6,0.921296,False,19,10,52.6316
2,Climate,MOEACKF,7,0.923611,False,92,70,76.0870
2,Climate,MOEACKF,8,0.928241,True,11,4,36.3636
2,Climate,MOEACKF,9,0.930556,True,16,9,56.2500
2,Climate,MOEACKF,10,0.918981,True,6,1,16.6667
2,Climate,MOEACKF,11,0.918981,False,468,50,10.6838
2,Climate,MOEACKF,12,0.916667,True,8,4,50.0000
2,Climate,MOEACKF,13,0.930556,False,19,10,52.6316
2,Climate,MOEACKF,14,0.918981,True,5,1,20.0000
2,Climate,MOEACKF,15,0.923611,True,12,7,58.3333
2,Climate,MOEACKF,16,0.923611,True,24,16,66.6667
2,Climate,MOEACKF,17,0.921296,False,12,5,41.6667
2,Climate,MOEACKF,18,0.921296,True,13,6,46.1538
2,Climate,MOEACKF,19,0.921296,False,56,29,51.7857
2,Climate,MOEACKF,20,0.918981,True,5,0,0.0000
2,Climate,MOEACKF,21,0.918981,False,276,128,46.3768
2,Climate,MOEACKF,22,0.918981,False,34,26,76.4706
2,Climate,MOEACKF,23,0.923611,True,27,20,74.0741
2,Climate,MOEACKF,24,0.916667,True,5,1,20.0000
2,Climate,MOEACKF,25,0.918981,False,295,111,37.6271
2,Climate,MOEACKF,26,0.918981,False,6,2,33.3333
2,Climate,MOEACKF,27,0.918981,True,6,1,16.6667
2,Climate,MOEACKF,28,0.918981,False,102,56,54.9020
2,Climate,MOEACKF,29,0.921296,True,6,1,16.6667
2,Climate,MOEACKF,30,0.921296,True,19,14,73.6842
2,Climate,SNSGAII,0,0.921296,True,3,0,0.0000
2,Climate,SNSGAII,1,0.921296,True,3,0,0.0000
2,Climate,SNSGAII,2,0.918981,True,2,0,0.0000
2,Climate,SNSGAII,3,0.923611,True,3,0,0.0000
2,Climate,SNSGAII,4,0.918981,True,2,0,0.0000
2,Climate,SNSGAII,5,0.918981,True,2,0,0.0000
2,Climate,SNSGAII,6,0.918981,True,2,0,0.0000
2,Climate,SNSGAII,7,0.918981,True,2,0,0.0000
2,Climate,SNSGAII,8,0.921296,True,3,0,0.0000
2,Climate,SNSGAII,9,0.918981,True,2,0,0.0000
2,Climate,SNSGAII,10,0.921296,True,2,0,0.0000
2,Climate,SNSGAII,11,0.918981,True,3,0,0.0000
2,Climate,SNSGAII,12,0.921296,True,3,0,0.0000
2,Climate,SNSGAII,13,0.921296,True,3,0,0.0000
2,Climate,SNSGAII,14,0.918981,True,2,0,0.0000
2,Climate,SNSGAII,15,0.923611,True,3,0,0.0000
2,Climate,SNSGAII,16,0.918981,True,3,0,0.0000
2,Climate,SNSGAII,17,0.921296,True,3,0,0.0000
2,Climate,SNSGAII,18,0.923611,True,3,0,0.0000
2,Climate,SNSGAII,19,0.921296,True,2,0,0.0000
2,Climate,SNSGAII,20,0.921296,True,2,0,0.0000
2,Climate,SNSGAII,21,0.921296,True,3,0,0.0000
2,Climate,SNSGAII,22,0.918981,True,4,0,0.0000
2,Climate,SNSGAII,23,0.918981,True,2,0,0.0000
2,Climate,SNSGAII,24,0.921296,True,3,0,0.0000
2,Climate,SNSGAII,25,0.921296,True,3,0,0.0000
2,Climate,SNSGAII,26,0.918981,True,2,0,0.0000
2,Climate,SNSGAII,27,0.921296,True,3,0,0.0000
2,Climate,SNSGAII,28,0.923611,True,4,0,0.0000
2,Climate,SNSGAII,29,0.923611,True,4,0,0.0000
2,Climate,SNSGAII,30,0.921296,True,3,0,0.0000
3,Statlog German,MOEACKF,0,0.725000,False,24,19,79.1667
3,Statlog German,MOEACKF,1,0.730000,False,67,53,79.1045
3,Statlog German,MOEACKF,2,0.720000,True,3,1,33.3333
3,Statlog German,MOEACKF,3,0.736250,False,78,51,65.3846
3,Statlog German,MOEACKF,4,0.738750,True,7,5,71.4286
3,Statlog German,MOEACKF,5,0.733750,True,7,3,42.8571
3,Statlog German,MOEACKF,6,0.720000,True,57,54,94.7368
3,Statlog German,MOEACKF,7,0.735000,True,47,38,80.8511
3,Statlog German,MOEACKF,8,0.735000,True,73,56,76.7123
3,Statlog German,MOEACKF,9,0.718750,True,5,3,60.0000
3,Statlog German,MOEACKF,10,0.720000,True,4,2,50.0000
3,Statlog German,MOEACKF,11,0.736250,True,34,27,79.4118
3,Statlog German,MOEACKF,12,0.720000,True,4,2,50.0000
3,Statlog German,MOEACKF,13,0.720000,True,6,4,66.6667
3,Statlog German,MOEACKF,14,0.717500,True,3,1,33.3333
3,Statlog German,MOEACKF,15,0.732500,False,13,9,69.2308
3,Statlog German,MOEACKF,16,0.728750,True,11,6,54.5455
3,Statlog German,MOEACKF,17,0.717500,True,2,0,0.0000
3,Statlog German,MOEACKF,18,0.718750,True,6,4,66.6667
3,Statlog German,MOEACKF,19,0.730000,True,12,9,75.0000
3,Statlog German,MOEACKF,20,0.730000,True,9,7,77.7778
3,Statlog German,MOEACKF,21,0.730000,False,52,49,94.2308
3,Statlog German,MOEACKF,22,0.718750,True,3,1,33.3333
3,Statlog German,MOEACKF,23,0.727500,True,4,1,25.0000
3,Statlog German,MOEACKF,24,0.727500,True,36,30,83.3333
3,Statlog German,MOEACKF,25,0.731250,True,12,7,58.3333
3,Statlog German,MOEACKF,26,0.720000,True,6,4,66.6667
3,Statlog German,MOEACKF,27,0.732500,True,5,2,40.0000
3,Statlog German,MOEACKF,28,0.731250,True,6,4,66.6667
3,Statlog German,MOEACKF,29,0.721250,False,9,7,77.7778
3,Statlog German,MOEACKF,30,0.720000,True,3,1,33.3333
3,Statlog German,SNSGAII,0,0.740000,False,45,22,48.8889
3,Statlog German,SNSGAII,1,0.750000,False,11,0,0.0000
3,Statlog German,SNSGAII,2,0.748750,False,144,62,43.0556
3,Statlog German,SNSGAII,3,0.733750,False,47,37,78.7234
3,Statlog German,SNSGAII,4,0.753750,False,26,7,26.9231
3,Statlog German,SNSGAII,5,0.751250,False,34,16,47.0588
3,Statlog German,SNSGAII,6,0.721250,False,25,16,64.0000
3,Statlog German,SNSGAII,7,0.753750,False,37,18,48.6486
3,Statlog German,SNSGAII,8,0.755000,False,24,11,45.8333
3,Statlog German,SNSGAII,9,0.731250,False,23,13,56.5217
3,Statlog German,SNSGAII,10,0.765000,False,30,14,46.6667
3,Statlog German,SNSGAII,11,0.741250,False,18,8,44.4444
3,Statlog German,SNSGAII,12,0.717500,False,5,0,0.0000
3,Statlog German,SNSGAII,13,0.747500,False,71,44,61.9718
3,Statlog German,SNSGAII,14,0.768750,False,39,15,38.4615
3,Statlog German,SNSGAII,15,0.756250,False,110,77,70.0000
3,Statlog German,SNSGAII,16,0.711250,False,47,40,85.1064
3,Statlog German,SNSGAII,17,0.736250,False,21,12,57.1429
3,Statlog German,SNSGAII,18,0.708750,False,11,3,27.2727
3,Statlog German,SNSGAII,19,0.766250,False,43,23,53.4884
3,Statlog German,SNSGAII,20,0.730000,False,13,4,30.7692
3,Statlog German,SNSGAII,21,0.741250,False,26,14,53.8462
3,Statlog German,SNSGAII,22,0.742500,False,54,38,70.3704
3,Statlog German,SNSGAII,23,0.753750,False,149,25,16.7785
3,Statlog German,SNSGAII,24,0.716250,False,58,41,70.6897
3,Statlog German,SNSGAII,25,0.781250,False,63,36,57.1429
3,Statlog German,SNSGAII,26,0.725000,False,9,2,22.2222
3,Statlog German,SNSGAII,27,0.737500,False,10,3,30.0000
3,Statlog German,SNSGAII,28,0.753750,False,28,14,50.0000
3,Statlog German,SNSGAII,29,0.717500,False,32,22,68.7500
3,Statlog German,SNSGAII,30,0.735000,False,132,86,65.1515
4,Sonar,MOEACKF,0,0.838323,False,201,142,70.6468
4,Sonar,MOEACKF,1,0.826347,False,51,32,62.7451
4,Sonar,MOEACKF,2,0.826347,False,61,42,68.8525
4,Sonar,MOEACKF,3,0.844311,False,108,81,75.0000
4,Sonar,MOEACKF,4,0.802395,False,12,3,25.0000
4,Sonar,MOEACKF,5,0.814371,False,54,43,79.6296
4,Sonar,MOEACKF,6,0.730539,False,35,24,68.5714
4,Sonar,MOEACKF,7,0.826347,False,509,242,47.5442
4,Sonar,MOEACKF,8,0.784431,False,972,358,36.8313
4,Sonar,MOEACKF,9,0.820359,False,256,157,61.3281
4,Sonar,MOEACKF,10,0.814371,False,47,28,59.5745
4,Sonar,MOEACKF,11,0.814371,False,310,200,64.5161
4,Sonar,MOEACKF,12,0.832335,False,47,26,55.3191
4,Sonar,MOEACKF,13,0.808383,False,183,145,79.2350
4,Sonar,MOEACKF,14,0.724551,False,8,1,12.5000
4,Sonar,MOEACKF,15,0.844311,False,846,268,31.6785
4,Sonar,MOEACKF,16,0.826347,False,226,148,65.4867
4,Sonar,MOEACKF,17,0.796407,False,112,79,70.5357
4,Sonar,MOEACKF,18,0.802395,False,71,53,74.6479
4,Sonar,MOEACKF,19,0.844311,False,431,230,53.3643
4,Sonar,MOEACKF,20,0.832335,False,132,104,78.7879
4,Sonar,MOEACKF,21,0.814371,False,199,134,67.3367
4,Sonar,MOEACKF,22,0.844311,False,88,66,75.0000
4,Sonar,MOEACKF,23,0.844311,False,134,91,67.9104
4,Sonar,MOEACKF,24,0.808383,False,72,51,70.8333
4,Sonar,MOEACKF,25,0.826347,False,38,21,55.2632
4,Sonar,MOEACKF,26,0.784431,False,23,16,69.5652
4,Sonar,MOEACKF,27,0.850299,False,177,121,68.3616
4,Sonar,MOEACKF,28,0.832335,False,103,68,66.0194
4,Sonar,MOEACKF,29,0.790419,False,630,292,46.3492
4,Sonar,MOEACKF,30,0.736527,False,55,41,74.5455
4,Sonar,SNSGAII,0,0.796407,False,19,6,31.5789
4,Sonar,SNSGAII,1,0.652695,True,3,3,100.0000
4,Sonar,SNSGAII,2,0.724551,False,67,58,86.5672
4,Sonar,SNSGAII,3,0.748503,False,9,0,0.0000
4,Sonar,SNSGAII,4,0.754491,False,11,0,0.0000
4,Sonar,SNSGAII,5,0.742515,False,25,15,60.0000
4,Sonar,SNSGAII,6,0.772455,False,40,10,25.0000
4,Sonar,SNSGAII,7,0.814371,False,92,56,60.8696
4,Sonar,SNSGAII,8,0.760479,False,20,7,35.0000
4,Sonar,SNSGAII,9,0.724551,False,41,36,87.8049
4,Sonar,SNSGAII,10,0.814371,False,52,35,67.3077
4,Sonar,SNSGAII,11,0.712575,False,12,2,16.6667
4,Sonar,SNSGAII,12,0.736527,False,50,39,78.0000
4,Sonar,SNSGAII,13,0.736527,False,39,28,71.7949
4,Sonar,SNSGAII,14,0.760479,False,151,130,86.0927
4,Sonar,SNSGAII,15,0.658683,True,9,9,100.0000
4,Sonar,SNSGAII,16,0.754491,False,86,74,86.0465
4,Sonar,SNSGAII,17,0.736527,False,69,50,72.4638
4,Sonar,SNSGAII,18,0.808383,False,106,72,67.9245
4,Sonar,SNSGAII,19,0.784431,False,60,30,50.0000
4,Sonar,SNSGAII,20,0.778443,False,117,95,81.1966
4,Sonar,SNSGAII,21,0.754491,False,14,1,7.1429
4,Sonar,SNSGAII,22,0.832335,False,51,20,39.2157
4,Sonar,SNSGAII,23,0.778443,False,41,28,68.2927
4,Sonar,SNSGAII,24,0.808383,False,17,3,17.6471
4,Sonar,SNSGAII,25,0.730539,False,77,62,80.5195
4,Sonar,SNSGAII,26,0.790419,False,27,5,18.5185
4,Sonar,SNSGAII,27,0.772455,False,34,8,23.5294
4,Sonar,SNSGAII,28,0.784431,False,32,11,34.3750
4,Sonar,SNSGAII,29,0.730539,False,70,52,74.2857
4,Sonar,SNSGAII,30,0.796407,False,25,5,20.0000
